<?xml version="1.0" encoding="utf-8" standalone="no" ?>
<modDesc descVersion="31">
   <author>HarvesteR</author>
    <title>
		<en>Free Camera</en>
    </title>
    <description>
        <en><![CDATA[Makes the vehicle camera rotation independent from the vehicle rotation.]]></en>
 	</description>
    <multiplayer supported="true"/>   
	<version>0.1</version>
	<l10n>
		<text name="cameraFrameOfReference"><en>Change Camera Frame</en></text>
	</l10n>
	<iconFilename>store.dds</iconFilename>		
	<extraSourceFiles>
        <sourceFile filename="freeCamera.lua" />
    </extraSourceFiles>	
	<inputBindings>
        <input name="cameraFrameOfReference" key1="KEY_lctrl KEY_v" button="" />
    </inputBindings>
</modDesc>